{"crjRGeWqvNlHBwpcw2aPJg==":"mbr-1920x1280.jpg","/5TxP6rB5Xsj6wML99MSww==":"logo2.png","ViTo4zC2sMIC5jATB44spw==":"python-logo-290x82.png","01S6cBTAAoGa9vrOZtsqOw==":"mbr-1-1920x1280.jpg","tmado1pycm8NhGCaO4hhUg==":"mbr-1920x1440.jpg","PGmUPrvt41Pei15Ln2j5bQ==":"mbr-736x427.jpg","1RA2aBefFQUlDNqaGwTdHA==":"appinventor-200x200.png","24BC01M6odnoPE+CqP/7tg==":"spaces_-lhybl_iafyx1bvdxua__avatar-256x256.png","jHTICBwu9NWpwkWlsK1u6A==":"1ac7c1f98c171b738a05428394ac2489_icon-128x128.png","93aCF4TyawyUGFsrkl5Hfg==":"9d258cb09c821961e092b9b459399d9e-200x200.png","D76yDWSFYQnxsg0SLHSpDQ==":"9d258cb09c821961e092b9b459399d9e-128x128.png","D5z7k4L29Ec4CzBW0eiX5w==":"9d258cb09c821961e092b9b459399d9e-1-128x128.png","nWBeMqtjwUCJVpmjcxJ78Q==":"android-128x128.png","Fa/nWJOW2X33u559+1Oztw==":"python-128x128.png","4aHNzfKApnWZoRV5J181dQ==":"unnamed-128x128.png","PZFTLqYcCnhJr5s78ZUovQ==":"bbc_microbit-128x128.png","1h268Q1xmuNwvVE7MCj4eg==":"microbit_1_of_6_256x256.progressive-256x256.png","0x7brD/ZH3wUPUr8gjF1Yg==":"microbit_1_of_6_256x256.progressive-128x128.png","GBwq+4+ctbmG3hzh4r7wRw==":"microbit-128x128.png","Nehdd4ESAlUsKapngw9Jxg==":"logo-via-logohub-122x22.png","EBvcwy1BL15pTURGvVIV4w==":"logo-via-logohub-1-122x22.png","octVmy8yvD6Ak4uSoUkOOQ==":"logo-via-logohub-192x35.png","G5IR4+BYoztVH+g7XOGTcQ==":"unnamed-1-128x128.png","Q3KLAUMUYW5yxOB+W1bqfw==":"images-290x82.png","xGr2kW+1B9nyj3QExeMTOw==":"images-200x82.png","2m9bUqfALQ6KFPJ/+3aBdQ==":"images-1-200x82.png","ihlkf69UyfSmhSyJ1Jvc6w==":"jumbotron.jpg","GaVh8J8WnQk4pQPoFGyf6Q==":"83168562_10212994545016743_281659080483799040_o-957x960.jpg","pKPy7bEKIhnb1b0C5FPYNQ==":"microbit-1-128x128.png","Yi5YgE1MNPkmI/zN5eloNw==":"microbit-2-128x128.png","YyxRMAleeU2wg8Im2PUa6g==":"androidstudio-icon-128x128.png","RQlm2ZRFpejUGnRUaJ4KNw==":"androidstudio-icon-256x256.png","J76z6D5u1vylg1Cy0IBX2A==":"web_hi_res-512-122x122.png","Q8kyWdiPLYJ/4F1Ss+9IyA==":"03.jpg","Pop72myod4D7A0uQKMeHKA==":"web-hi-res-513-128x128.png","YcIioWg2aksv1CPrzDwqSg==":"83168562-10212994545016743-281659080483799040-o-192x193.jpg","eRu2fXOaXHercPGJl7OIRA==":"unnamed-2-128x128.png","01p/Y6vL3tTUktQ+y/ANWw==":"email_icon-250x250.png","OoR6N887eDn5oXC/8jnvAw==":"unnamed-3-128x128.png","kkAFQQyw9ZpWEbKs7wYO2A==":"contact-icon-128x128.png","DvqBsuTnZcTsK7XShx2DFw==":"mbr-1920x1281.jpg","V52vcR/4YB6mVQ9HL5CmQg==":"mbr-1920x1152.jpg","OLXlaPKQflR+xe6xg9WzYg==":"mbr-2-1920x1280.jpg","NgiWaFchK67RjUk9YTq6YA==":"mbr-3-1920x1280.jpg","BSXhnOP4La3pkdgJgah2Dw==":"mbr-4-1920x1280.jpg","bYizmNgxJ8um5MM38uKXmQ==":"main-qimg-043636ff1d40c90e880a4c37143cff73-200x218.png","XLK5U9SAVxP56oNWPomOqQ==":"appinventor-doc-diagram-600x653.png","RMG4pvelse8u9BLUXol4OA==":"appinventor-doc-diagram-800x871.png","K6UvmsdYojClom5H/XLM4Q==":"pycharm-256x256.png","zNizQhru6AGfSZUhfDX+nA==":"17850097-256x256.png","N0fq5szhAlyFQkiyAqn/rw==":"angular-svg-logo-256x256.png","Os1hpkyKHdJTZJYYSjSiXg==":"01.jpg","HoeEF4HfT9nMa9Cg+v0y1w==":"02.jpg","Q8Xr3CuWl1gVREvBVicxOA==":"1-2000x1333.jpg","FzpNUspjOtTko4NTqAUJzw==":"article_background-1579x1600.jpg","/m+4P4ILhrKZA2BZh+tPOg==":"mbr-5-1920x1280.jpg","sprtKL+XMtf1fhrm6XKbQg==":"artbg-2000x1500.jpg","sn3v3fr2v7MBAW5YCNPvxg==":"mbr-1920x1279.jpg","UJ2V7Ngp2hVpyOaNvUQl+A==":"mbr-2-1920x1440.jpg","Ton3yk3j93G7idyY6VlLpw==":"mbr-3-1920x1440.jpg","SyUKatItDjH7NkwYge9wNg==":"mbr-676x451.jpg","uBlNEU1AXCJ54fQS58Km/g==":"mbr-4-1920x1440.jpg","/sKf7+UluQJyaRRWX70LVg==":"mbr-1-676x451.jpg","u2rsW0qlJHpSIIsZ1hNfug==":"mbr-2-676x451.jpg","BUlMojmb9QuX/ODqFaY61g==":"mbr-3-676x451.jpg","KkdJEcy81u1HBcro4myejA==":"mbr-4-676x451.jpg","W4ltMdxVJbzdV4cqp0MnMw==":"android-banner-1920x575.png","e5O7jIWaEcsIYT2IyssqDQ==":"android-banner-1-1920x575.png","RWD3qURpMT5R8VOGI5RyCA==":"android-banner-2-1920x575.png","sgt8jqjzdwN+/S/x5RYrcQ==":"android-banner-676x202.png","4+DzqXFpj/z2AIwVP9lcYQ==":"background5.jpg","xwlVgo29EdFl55fzSfwnoA==":"banner1-760x100.png","YPyglzy77y5SoDiQd+s3Aw==":"banner11-1520x200.png","u6ea1k3C6XEiss6jwkRl5A==":"banner11-1-1520x200.png","UiypnLl3K1ce7JCANR5Cgw==":"banner111-1520x200.png","GvmHZSfCxPBjQ9LcBXcFzg==":"banner111-1-1520x200.png","sko5aU3CVSnUUjRzLAzGtg==":"mbr-6-1920x1280.jpg","KOMpQoReOpuEc2jHw8kLFQ==":"photos_2019_12_22_fst_ice-ornament-frosen-2000x1500.jpg","4/zJYoIW/1iYkmkSEq1ABQ==":"readpost-200x200.png","7XpKUPZ6YalqGki0hH5WHg==":"readpost-56x56.png"}